t,A,B
0.0,0.1,0.1
0.0009232918741358983,0.21128480091791269,0.18434207272186137
0.0027567861713711263,0.42161530693823085,0.3397302653291655
0.005082048262080755,0.6626035749678292,0.50690157477455
0.008613341784558899,0.9768673220320763,0.7025388823691137
0.0121973570416444,1.2476372974711136,0.8500146482269128
0.016430628830445437,1.5246595229726743,0.9821170885822357
0.021657660355953796,1.823365465849154,1.105709207913608
0.028222496600607397,2.1529626334367182,1.222530001690139
0.03654231450543007,2.5220381918864097,1.3327893138307076
0.047130658718467416,2.939465096125985,1.435749409001407
0.060618358243786204,3.4149231030745715,1.5299762521806297
0.07777080051597675,3.9592606424045798,1.6134638089846487
0.09949955057297608,4.584862711691748,1.683734683082181
0.12686549682904225,5.306171637890562,1.737969825918966
0.16107230913296433,6.140578894149979,1.7731981256838798
0.20345394889494262,7.110039036369197,1.786552423400091
0.25546959670574804,8.24397066277561,1.7755643645320447
0.318737195742167,9.58443444831303,1.7384284807900252
0.3951578752304954,11.195313828824093,1.6741313047605808
0.4872753913954208,13.180286837250023,1.5822822146294273
0.5992830731357796,15.72424866156988,1.4622837030020301
0.740733277149371,19.229582754241466,1.3101372541994725
0.9278065952226062,24.486027287418842,1.1204613738070255
1.1141087937801948,30.482507477392396,0.9512940070304856
1.2920565506738118,36.87553693789611,0.8097744123819506
1.4750916130973968,43.98508408654028,0.683963380735555
1.6672286813006931,51.79290447652529,0.5715645587723867
1.871175005269757,60.15139570527686,0.471637810264413
2.0,65.32417220564743,0.4175084706741754
2.025153486028077,63.78644216725397,0.4076835599506283
2.2470780548681004,51.79288512085037,0.3321457901710344
2.4575734165812055,42.65725649153292,0.27707121617933683
2.6571289495036305,35.61943378875096,0.23797532937431617
2.844534265522311,30.18329893786627,0.21200131249491103
3.0202685871591317,25.93798782399008,0.19683017119042917
3.1858149913778107,22.568991800268627,0.19080967861696074
3.3430211489743487,19.847191280980077,0.19292629591765068
3.4940393699190446,17.604913547393146,0.20273597632822407
3.641247872868238,15.719227722046316,0.22036734946797282
3.7858197837220646,14.11401071594673,0.24629801590934927
3.9286930860479097,12.732886883181001,0.28129513726161304
4.0,12.110241275425928,0.30259229229938556
4.021786774671633,12.22597907284359,0.3094265413567896
4.16461966948539,12.894587083051931,0.34549797415583067
4.308925238410646,13.437632471711963,0.3701295045793316
4.466422389802784,13.914168871602755,0.38765355195654855
4.637015033302176,14.327318141534237,0.3990338331471931
4.821797719965241,14.685509600894823,0.40531544433997446
5.021980480663061,14.997330108067803,0.4074267949773305
5.2390898029406525,15.271253785027312,0.4061924946258493
5.475176664202618,15.515246374446916,0.4023297697690627
5.732872860132724,15.73629356635045,0.39645022403013647
6.0,15.929840682397801,0.3894875670742401
6.024210573285566,15.631894640217128,0.3889527785548879
6.183986390036079,13.83615320379157,0.3942877506133624
6.334028723388367,12.38778172520253,0.4139211208970005
6.48077297880751,11.15775641091889,0.4478374953865219
6.6248909082778455,10.099437737750838,0.4965569621407846
6.766957078482105,9.176101915272977,0.5610713136570057
6.90729123946126,8.359313276940204,0.6428186997868436
7.046023756345277,7.626671392954918,0.7437660914470088
7.18315996113224,6.960647807245034,0.8665805477096962
7.318633949062943,6.348047120571436,1.0148723137658484
7.452356233277814,5.7796297404809245,1.1934929466475432
7.584274174239114,5.249525725251071,1.4089061526006583
7.714445485628432,4.7543540712576196,1.6696815926740889
7.843092857445383,4.292258035094644,1.9871497297755862
7.9706073309493135,3.8621324549008227,2.3762098206701108
8.0,3.7670847348566925,2.478368871356857
8.016111888098228,3.907396569234394,2.5171675229818353
8.071170536237275,4.3385443243083035,2.611713289313349
8.132146626279752,4.754769776860023,2.6676378357412505
8.20405509489636,5.194085896109391,2.690341480248017
8.287093559035048,5.661026714201427,2.677731447269009
8.382221998934671,6.171241947977113,2.629218193390805
8.490789355095995,6.750625739735865,2.544526041583442
8.615368430769696,7.444603438521221,2.4226202078374084
8.762255676316412,8.3458552777215,2.258533572149057
8.959659217750895,9.780180949487253,2.021259902204664
9.122874390901693,11.23432816977412,1.8217293471163736
9.28608956405249,13.001715681681906,1.6264518605857308
9.445043858678087,15.084314650426135,1.4449755448439436
9.604110257597451,17.57553828124522,1.2751248575050949
9.766061804480572,20.563491810587827,1.1162947354646704
9.932983317130288,24.124858109735108,0.9685219434275854
10.0,25.685868248203228,0.9137976039986638
10.024879990759665,25.10877034267413,0.8946951288886272
10.22525424502952,20.982696194188325,0.7629239147485607
10.41182128506753,17.862401230234568,0.673390650173053
10.587140102604083,15.445434246760046,0.6167159105008864
10.752588040660198,13.53888360742563,0.5870853911443226
10.909876993180688,12.003282930775006,0.5805540967252549
11.060631332562235,10.74016813372092,0.594727858428045
11.206908791676168,9.675203881344165,0.6286232478122238
11.34991932123682,8.759160246380656,0.6823621176900195
11.49029316292808,7.957518435164742,0.7568299864936076
11.628448282968183,7.244198024923448,0.8537043277246694
11.764634251710168,6.599591802639392,0.9755761581237639
11.898986251846948,6.009365631050823,1.1261680615894392
12.0,5.590581208205398,1.263059444185815
12.014674072356604,5.925154980268078,1.2812066944785203
12.058390505336218,6.861211899349315,1.3140830458208879
12.109383141536954,7.873683232726153,1.325935221051655
12.171801996064573,9.042674872300214,1.3173031462415186
12.247000831342083,10.395631456807333,1.2870290951759467
12.337001163996787,11.985484089856122,1.2348192538652434
12.444520343890106,13.896123814957827,1.160940607976127
12.574095281173195,16.271747478757717,1.065581828395579
12.735617172052716,19.40257580398906,0.9468744763645086
12.970369347116044,24.33012259750748,0.7864341201249117
13.1976253667713,29.456722354541498,0.6506941305275034
13.412001324900945,34.455711728175125,0.5413227659975612
13.634131252393907,39.602022025828425,0.44592079819394975
13.868298312459235,44.78120768472877,0.3628420363618919
14.0,47.51809712642276,0.32302415400562234
14.025072918543762,46.43136194432226,0.31606059755728155
14.232978269943029,38.408250354083876,0.2665632533212998
14.42659094428785,32.31070144665497,0.2328613582224846
14.608181998462292,27.578528367309936,0.21152809169269446
14.778773564898723,23.85527753993707,0.20048989600642894
14.940083440177535,20.874769603999255,0.1983584231298426
15.093979243606984,18.445669848351436,0.20436075045812038
15.243054494261647,16.421425846298607,0.21833331581359014
15.388918811355099,14.70846261838445,0.24058988589290983
15.532628064488783,13.242124000582827,0.2717623574189256
15.67497286284635,11.974197946420217,0.31275344699241076
15.816468955676939,10.867801932738024,0.36469337031680354
15.957372021953073,9.893724327383477,0.42891589770380417
16.0,9.620694083091422,0.4510506158117012
16.01648490715661,9.996182593299547,0.45904116047450244
16.095076691284216,11.670757972765175,0.4827406246248279
16.18526642248241,13.403978179809505,0.49092478970236214
16.294233402486206,15.296837229120621,0.4857992516141572
16.422719978118536,17.314409296534166,0.4684555404346644
16.572975128213347,19.446806129070342,0.44065152252710543
16.74785278029228,21.683210976183293,0.4044492054174161
16.951478949884546,24.01081089779673,0.3620214745542031
17.190427920523987,26.41312270212874,0.3154568555638796
17.477385419351247,28.879289182456546,0.26639254502481924
17.8437847173523,31.437855613841542,0.21523663918599722
18.0,32.34922399106178,0.19706860629363684
18.024611330875423,31.65643862679018,0.19448657532763647
18.202765442764985,27.121301762668157,0.18059043448400414
18.367806215486528,23.585060008314976,0.1753991126958632
18.52453189356145,20.726593437017165,0.17771797706617434
18.675106520219174,18.37052142139792,0.18717814470775115
18.821855203057872,16.38907176010448,0.20393807481049064
18.965966396705447,14.702444951643846,0.22848409349330245
19.108396202853815,13.251657620023702,0.2615803275866188
19.249833230654332,11.992404553401961,0.30422593911117773
19.39070414351576,10.890370979810934,0.357621907341312
19.531188957322346,9.917998545715065,0.4231540280589238
19.671254782106583,9.052354371002696,0.5024117200133599
19.8107124318648,8.273910817386879,0.5972692154549321
19.949284680434726,7.566096576237046,0.7100461019840066
20.0,7.320589027346857,0.7566312573144591
20.014762531852597,7.765332422607853,0.7681311799705793
20.063132516190894,9.146220132778645,0.7901408546981254
20.120430114203767,10.67055503653383,0.7963618127780396
20.19186149033873,12.456813502797804,0.7872260193976726
20.279474318006507,14.53304465286758,0.7621509103019402
20.38610762616697,16.94951408908777,0.721405336956246
20.515458038558975,19.775207794915982,0.6659348536444099
20.67337283626897,23.114646679343917,0.5969613589101859
20.87158722394843,27.155091279736077,0.5149723210652052
21.15097583655247,32.51507882487688,0.4137787796728202
21.45959112539462,37.84391554051573,0.3229275485343246
21.739717866193008,42.03968580358068,0.2576191542559587
22.0,45.362740581945936,0.20923786089107177
22.024962843864795,44.338929995774215,0.2052193688544284
22.22152079827073,37.115489684267295,0.17879882934791458
22.403330250465796,31.591750283188798,0.16238344627580847
22.573857139990736,27.250745357796,0.15399053476623512
22.73481595727566,23.78043723101849,0.15256334123643822
22.888121281971195,20.955731657387428,0.1575315473596254
23.03646358367123,18.603910237961923,0.1688211055646871
23.181461063042374,16.616255530311044,0.18674461699247105
23.324241349136184,14.917306393893394,0.2118885977996404
23.465685546621373,13.451215587337717,0.2450816173384012
23.606421648738618,12.17571977505791,0.28736225887459327
23.746830694871797,11.057808472817921,0.33995227932555855
23.887059202795697,10.070728721654373,0.4042416477591332
24.0,9.354448275652512,0.46568618827086855
24.016096109575034,9.750197335750642,0.4740456389809765
24.088716889588426,11.426072016011666,0.4974374884162239
24.173194466021272,13.19547618233768,0.5056304313932916
24.276385645510235,15.160623073901455,0.5003456260092
24.399318475517664,17.288957351612005,0.4823897492410648
24.544306344909405,19.57027877424112,0.45339081467860215
24.714361492292557,21.994609044965486,0.41538581412447323
24.91389499754626,24.55044445969325,0.3705816626586326
25.15011850199403,27.22368330488832,0.3211092162750108
25.43772396712356,30.013075129280665,0.268518433487718
25.814386769187443,32.97282219894537,0.21286882367398746
26.0,34.17338976664445,0.1904869965546207
26.024657811617526,33.43511290360121,0.18783206548111922
26.204725046427253,28.564022866920972,0.17309057795904023
26.371409989518334,24.77550640552094,0.16685905144285643
26.529388647375963,21.723716104177054,0.16789896275032223
26.6806629159926,19.219498185890494,0.1757718464349371
26.8278458006874,17.118800639798494,0.19057059129538198
26.97217366416355,15.334743300597529,0.21272319022235253
27.114664544684118,13.803277459625763,0.242935737154839
27.25607320663315,12.476591241979913,0.28215150583798027
27.39689528262108,11.317958792540772,0.3315176067654578
27.537377752004854,10.298162873556546,0.3923622920928471
27.67754368120433,9.393080542235705,0.46619816817327475
27.817239218016436,8.582204378423592,0.5547766490922201
27.956199165192604,7.847965504512919,0.6602173237126968
28.0,7.628986159223731,0.6975356397416781
28.014882549110958,8.078386386625896,0.7083603739038142
28.065425457058783,9.524513541340161,0.7299146511992695
28.125321262085293,11.118593538940116,0.736055456329637
28.2000634838791,12.982470945874487,0.7272927280529087
28.291752786655177,15.13890672545729,0.7031699998450465
28.403300255334216,17.630687658953246,0.6641136598287486
28.53849088619955,20.514980943316782,0.6112390856871167
28.70328386782037,23.876563775608247,0.5459652966113976
28.909439136018655,27.864585449163183,0.46913984517198837
29.195964070590765,32.9703893589456,0.376272193585301
29.485331367893135,37.530951037948554,0.2997442395904028
29.774698665195505,41.43787684923498,0.23879017565758376
30.0,44.0270035286674,0.20048664109361047
30.024928234061672,43.03779796993034,0.19675986713306245
30.219022078373303,36.12772868041522,0.17272389219019596
30.39845683471721,30.833160401737548,0.1581984776021586
30.566912058171706,26.658801176574222,0.1513535929933086
30.72616846139513,23.30983193812369,0.15124832091206664
30.87813576489362,20.5744170765799,0.15740745500948947
31.025677693767907,18.28659688091137,0.16986278334714977
31.170106281744992,16.34856589392017,0.1889803879121127
31.31250961177053,14.688752197979891,0.21539536557881267
31.453721362294765,13.254081099035815,0.2499766539222354
31.594324367103432,12.004172646160974,0.29379687787997294
31.734657178472865,10.90728427995498,0.3481070989050905
31.874827996220812,9.937513297695677,0.4143252638583152
32.0,9.15981222640018,0.4849542259126148
32.01590506925294,9.567697845282764,0.4935155434684753
32.084923269024195,11.232271300559084,0.5163710419649622
32.165659328525535,13.006992786851544,0.5241568979629059
32.264873967959055,14.998790413396618,0.5183346309627552
32.38384320051956,17.180617760984696,0.4995113680078913
32.52498863045855,19.54536814656877,0.4691879461463779
32.691489462242664,22.086839402823706,0.4293469839642763
32.888065428573256,24.79829606547616,0.38218248886276335
33.122642463838886,27.672566702732905,0.32980539797977965
33.41232487509934,30.72638924337303,0.27355988749700577
33.75900197084088,33.72339638797202,0.2189222921130129
34.0,35.4276087933529,0.18830056401871997
34.024693839776596,34.65775060545135,0.1855575571703542
34.206300678077206,29.546232773015934,0.16998534547417027
34.37433072011318,25.578413768136546,0.1628928685168692
34.533362013162694,22.390625292925723,0.1629912956789952
34.68525599290993,19.783905854367205,0.1697836552184033
34.83285249548135,17.60150659725332,0.18330845672620993
34.977420437517054,15.751295730003063,0.20394997295945597
35.12002087943023,14.165453857211698,0.23237232774816785
35.26145375300368,12.793559142259022,0.2694793829469908
35.40226143408388,11.597092283571296,0.31638154643544875
35.54273707483654,10.545609769513666,0.37437068611237867
35.68294454469786,9.61413260524073,0.44491562142703717
35.822759048032324,8.781494149482377,0.5297016606332854
35.96192909376261,8.029505670651417,0.6307402584938776
36.0,7.834971083544451,0.6616557646660288
36.014978235432515,8.284888343371316,0.6720811270968386
36.06721725126541,9.771236956723627,0.6934834063781828
36.12911604259855,11.406820119084166,0.6996594923499251
36.206367248597104,13.31472540947758,0.6911853299389135
36.30108039602888,15.513063097457362,0.6676996901762762
36.41618656737919,18.038500697404835,0.6297478734488211
36.55549457737395,20.93921947244003,0.5785678796308853
36.72497636767,24.285675085800477,0.5157145775394012
36.93624633606104,28.20021841113001,0.4422775500452094
37.226194701259836,33.08470351697052,0.35491243229687763
37.52130043798893,37.420685693423664,0.2825809571153833
37.81640617471802,41.08793338117628,0.22518488603245512
38.0,43.04058098451917,0.19591380636836214
38.02490264445467,42.07680017407188,0.19235959013726242
38.21732274925355,35.3898528222947,0.16975065342462015
38.39517129186194,30.258751171587207,0.15638113470306672
38.562264528664414,26.20402659411539,0.1505128550154778
38.72041641234229,22.94308593052259,0.15127585099988416
38.87167006016058,20.27097518965435,0.1582634524937742
39.01870575072581,18.03171425240116,0.1715641477928144
39.162788474822236,16.13180677200009,0.19158193367196757
39.304973029934715,14.502477168726113,0.21898496120291802
39.44605961977957,13.092580279320062,0.25467063731382467
39.58659857950885,11.86305109397135,0.2997361519526946
39.72689746316689,10.783034803509425,0.3554543583168652
39.867036457679575,9.827228239598393,0.4232651521906652
40.0,9.014200608277873,0.5004239426752823
40.01577329551397,9.430238510643207,0.5091450572053215
40.0823306052734,11.083354690893012,0.5316506195012565
40.16043520193471,12.8565231095381,0.5391562485778894
40.2567714367957,14.860287630725104,0.5329620107430407
40.372791289809705,17.072565815499118,0.5135328545461316
40.511005342956544,19.489610347282188,0.48226467045400834
40.67471299769852,22.109068067617205,0.4410843738012725
40.868857038508516,24.92915214272439,0.39215911899487066
41.10190043278965,27.950045945299575,0.33756198676483745
41.39292896170194,31.207424211361165,0.2784166232778271
41.7306012168316,34.32338286976084,0.22273988911158432
42.0,36.34723601082381,0.18727397682503166
42.02472009589328,35.55415083914174,0.18446100199135163
42.20749272287386,30.26330556834618,0.1682442465224056
42.37654951903777,26.16210065174131,0.16050970619063504
42.536393436755134,22.873558525902556,0.15992871305623238
42.68887913249823,20.189744298384106,0.1659674694327285
42.83680312412237,17.94781558397334,0.17861418759142522
42.981570805896055,16.049552574157243,0.1982237642810878
43.12427018215408,14.42434646036484,0.2254296646713678
43.26573323667768,13.01980132068029,0.2611072966080067
43.40653536360332,11.79604111138337,0.3063407660175392
43.547002676138526,10.72169544028364,0.36239662898188646
43.68722904939205,9.771144741606975,0.43071494092836615
43.82711235268233,8.922744589134401,0.5129394544528828
43.96641318669337,8.157878210847226,0.6110139008176438
44.0,7.983506731990943,0.6373864495022438
44.01505477280913,8.432545007813468,0.6475464922582651
44.06864527801176,9.94610167650499,0.6689087490850275
44.13212732888915,11.608876142109203,0.6751509781123322
44.21133819928324,13.544285002400414,0.6669044663650582
44.308376905081616,15.766525216744196,0.6438834780415952
44.42617222580127,18.30737437355866,0.6067260644931327
44.56852963997372,21.20815935550474,0.5567621486815958
44.74139430926274,24.52873908039996,0.4956446205966739
44.95618799298171,28.37210540099239,0.42463376849732637
45.247899550556944,33.07651380733791,0.3411843517149252
45.54709174232737,37.24655977505091,0.27167142281790946
45.84628393409779,40.743440473256236,0.21664233153954635
46.0,42.288681060032324,0.19320367006273584
46.02488297047661,41.3442243490668,0.18976431582288653
46.21608712300408,34.82360646719109,0.1681137890179497
46.39279580311309,29.814532851137383,0.1555343077520103
46.5589206655624,25.849488905113205,0.15034953010091082
46.71629439010293,22.654963133753387,0.15173790367078982
46.867066483589966,20.030930564704715,0.1593422704864384
47.01375555848443,17.82908096012777,0.17328884049819904
47.15760732311224,15.95877344488048,0.19400939560041536
47.29965127607691,14.353287202437663,0.2221963489176282
47.440662580767544,12.9628899751981,0.258768344457424
47.581167027649485,11.749480639187512,0.30484113870592633
47.72144860961355,10.682856183506615,0.36170438971648744
47.861566304653564,9.738155991324112,0.43081558158899247
48.0,8.902197742662983,0.5129322540773977
48.015677732379,9.32395302311749,0.5217822096989079
48.080466389265716,10.96666863442211,0.544049585160299
48.156646280722114,12.735798843814212,0.5513555297552448
48.25083534614917,14.744508317841024,0.5448916978591254
48.364609924809336,16.974830840656924,0.5250192835077533
48.500549894375695,19.42612589648772,0.49304986483717683
48.662042493734155,22.099565441465607,0.4508598464771967
48.854194181058965,24.9979665585688,0.40058599263282074
49.08587558987361,28.128498144397465,0.3442582573859228
49.377790217692926,31.54505273769693,0.2827862258347989
49.70942834758252,34.75861974635527,0.22614556104501177
50.0,37.04310949009781,0.18681727330940726
50.02473982301129,36.23241108357517,0.1839479187425752
50.20841600793234,30.80410068922212,0.16721984484318886
50.378273540173396,26.600839508584524,0.1589898600619605
50.53875642816216,23.235445793450147,0.1578973095487649
50.69172523089558,20.492832900930047,0.1633803115767184
50.83991379753588,18.205955017573476,0.17538803534318398
50.98484735505977,16.271518893968434,0.19425270815703635
51.12763334583854,14.616762406919152,0.22058466639661004
51.269127536167616,13.187757759655037,0.25523793721535715
51.40992973929795,11.943575623882355,0.2992769568745455
51.550390556763624,10.85212621630073,0.35394968029885626
51.69062654807628,9.887295491465967,0.4206758312856964
51.830553358959364,9.027077399701797,0.5010708450102531
51.96994180204066,8.252542285323285,0.5970326736531364
52.0,8.094612723910052,0.620060270987808
52.01511620699284,8.54232138395159,0.6300331590659974
52.06979181691265,10.0751885335662,0.6514015436262318
52.134537424150444,11.756703550165698,0.6577141199519243
52.21529787360452,13.710193114872407,0.6496483242274801
52.3141534122624,15.94662770454551,0.6269792184399979
52.434021060907504,18.493915088478033,0.590418025117302
52.578691763122556,21.388134658395526,0.5413646875520138
52.7540698072005,24.681209741581327,0.48154431506051576
52.971385160677166,28.461915427704746,0.41234041096143326
53.264043539078855,33.02274457362749,0.3317762585040181
53.56633788326823,37.06838986369751,0.26424861567816055
53.86863222745761,40.44038470392025,0.21087893967558116
54.0,41.70598527697795,0.19148801791036066
54.02486759338679,40.776474962980885,0.1881297932274142
54.21515913539982,34.38278833903586,0.1671611124794742
54.39101886624759,29.466943017628743,0.15515184211489713
54.55642802790537,25.57062041778582,0.15046966817461216
54.71323053383043,22.42721536141738,0.15232787543217183
54.86365327739098,19.840485517632263,0.16040606641883598
55.010093994220746,17.66781342303576,0.1748577048530701
55.15378343829739,15.820711018029485,0.19613544853193463
55.295731742219985,14.234004479347961,0.2249501378391321
55.436694821220975,12.859025719164137,0.2622366967601015
55.57717948300886,11.658399939587028,0.3091252388043508
55.71745144399231,10.602415839060203,0.3669186185107838
55.85755332421002,9.666548164738114,0.43708854978130973
55.99734267387246,8.829889608612524,0.5213136097658675
56.0,8.814797665256657,0.5230662071683638
56.01560643973443,9.240672950738723,0.5320205976448034
56.079085049024336,10.87437012817841,0.5541209878006148
56.15382286256394,12.638771247397884,0.5612810748889006
56.2463805852055,14.648927523446991,0.5546161350966543
56.358423251118815,16.89018359265848,0.5344101673569893
56.492583566383686,19.364587134995478,0.5019077091884044
56.65231359947577,22.076375075435454,0.4589417216193167
56.842841256005066,25.032421493967966,0.4076196516448801
57.07334871408641,28.246159135699553,0.3499292209592322
57.36585216598027,31.788091995120865,0.2865836940898494
57.69325512770287,35.08148788955431,0.22909222122639544
58.0,37.578816472060005,0.1866549583149531
58.02475491080265,36.75453743710224,0.18373995058715314
58.20913976328689,31.21932902481486,0.1666023841921006
58.37962837838677,26.93681567930522,0.15798354543286175
58.54061799420908,23.511883399058977,0.1564969646518903
58.69397247372734,20.72384793652177,0.1615584130597886
58.84237546822416,18.402401283786617,0.1730870379991781
58.987445927887265,16.440217504055255,0.19139706915341514
59.130306014666886,14.76284558454331,0.21708105551223927
59.27182957772315,13.315154766861825,0.25097662263572806
59.41263494560519,12.05538829660799,0.2941331694329846
59.55309132249248,10.950891292664078,0.3477845891587861
59.69333268909173,9.975162542574607,0.4133356487088529
59.83328868207725,9.10591649002018,0.4923815555047326
59.972738553906666,8.323987710898813,0.5867878588247898
60.0,8.179434345375986,0.607289634386076
60.01516555222725,8.62574733532331,0.6171257260184122
60.070714182543504,10.172731637653262,0.638518853554581
60.13647155530482,11.867586821082341,0.6448966564600317
60.21846369092514,13.833367354166034,0.6369748251929023
60.31874949201967,16.078415120621546,0.6145775909375054
60.44023096460173,18.62758866552179,0.5784741400151313
60.586680832657414,21.51293350668321,0.5301182327709045
60.76395999266043,24.780373302271883,0.47128890946736424
60.983125522886,28.508104026641732,0.40346008599328353
61.27630393786543,32.955216833722055,0.32506689029197255
61.58102674044708,36.90641863463308,0.2589809878775164
61.88574954302873,40.18493632033297,0.20681376953913486
62.0,41.25022534963431,0.19035460102818239
62.02485547829377,40.33238901109565,0.18705573197147493
62.214449295238026,34.036875282751886,0.1665888435665594
62.38966362509778,29.19320172125653,0.15500419256116982
62.55453181646453,25.350199135352497,0.15070186531979216
62.71090480570308,22.246587250175295,0.15292100415786197
62.86106730759028,19.689060456568093,0.1613691843092437
63.00732485154189,17.53931414675496,0.1762201658505156
63.1508964673857,15.710510593999036,0.1979426241436637
63.2927772380774,14.138660675575645,0.22726164444396366
63.43370807000237,12.77591144260818,0.265124814171277
63.57418090557448,11.585444603453965,0.31267348397381367
63.7144471319226,10.537925924380131,0.37122096563302925
63.85453662125596,9.609088322434433,0.4422505191038403
63.994297348615106,8.778214807452509,0.5274570534767155
64.0,8.74606511650189,0.531269590376635
64.015552308163,9.174966422572968,0.5403086533462195
64.07804169077595,10.80103864841807,0.5622893989553768
64.15168192544252,12.56080640959067,0.5693410453745779
64.24298535159676,14.570687208486744,0.5625233166102426
64.35368108582153,16.818655834546096,0.5420619192012944
64.486441832585,19.309008882891565,0.5091483036096474
64.64476790911385,22.04857011078512,0.46557909961117994
64.83397815954356,25.047676302264556,0.41343543540146377
65.0634940865414,28.325183129452718,0.3546665609212142
65.35639123330125,31.966208137220544,0.28981229953528187
65.68072179219536,35.324561382029,0.23159198734924338
66.0,37.99540349950731,0.18664423350868412
66.02476657817724,37.160551029815174,0.18369224492201316
66.20971067966973,31.541551320603656,0.16622563866035384
66.38069924230858,27.196982188834596,0.15729901183974396
66.54209221777143,23.72551582588479,0.15550504523940342
66.69575524788235,20.902059218310598,0.16024165037510835
66.84433171365357,18.55375156893506,0.17140459968624663
66.98951440233358,16.570052046881823,0.18929377088990143
67.13243679091286,14.875176979763664,0.21448787528608904
67.2739866763606,13.41304550570917,0.24781180881396653
67.41479663315967,12.141247218058597,0.2903033301257348
67.55525018733218,11.026680817331732,0.3431855305451156
67.69549482775123,10.042539869503493,0.40785191001580046
67.83547122633588,9.166320414567773,0.4858827896288154
67.97496552299084,8.37867623040507,0.5791200820652471
68.0,8.244986310853458,0.5976826215533014
68.01520515690295,8.689998133346444,0.6074164210636152
68.07145588468694,10.247510154554233,0.6288403024534341
68.13802381738412,11.95207921272393,0.6352751530452473
68.22099685243755,13.926424634057698,0.6274681742804695
68.32241290759539,16.176763637199628,0.6052833475533371
68.44515874556285,18.72555659160145,0.5695358383172775
68.59298876408018,21.60173539001826,0.5217210185709285
68.77172312739962,24.846651488503248,0.46365861531801567
68.9922703269675,28.53054138212613,0.3968897693524336
69.28573674239438,32.887781514465814,0.3201527251190043
69.59238832531427,36.76658032950539,0.2551360697445113
69.89903990823417,39.974107764471306,0.2038598967261429
70.0,40.891852022247406,0.18958227432211155
70.02484589533304,39.9831854387862,0.18632782080390609
70.21390022148762,33.764219926898456,0.16623822780837802
70.38861763130005,28.97686233563272,0.15497593752507033
70.5530711438001,25.17553754024683,0.15096538716735275
70.70911622246395,22.10310613703926,0.15346528769786288
70.85908152485466,19.568558510191735,0.16220480837766277
71.00520138341565,17.436900292973384,0.17737311092185595
71.14868558289064,15.622571990356839,0.1994513088836999
71.29051741227504,14.062501351353092,0.22917560821302033
71.43142598394815,12.709466371773457,0.267503525492194
71.5718915235778,11.527079582411384,0.3155852632146829
71.71215412130556,10.486298858861705,0.37474245405618944
71.85223365637653,9.563057780930317,0.44646772039338234
71.99197070928867,8.736788804913985,0.5324694337866541
72.0,8.69178581824941,0.5378959167078029
72.01551072718216,9.122941790299812,0.5470035003075491
72.07724344099731,10.74267104745015,0.5688970477610491
72.15003935112917,12.498235805181759,0.5758670069748654
72.24037058930897,14.507052864344278,0.5689317990398214
72.35001319349928,16.759175688276702,0.5482726169998189
72.48167015168157,19.260746855532215,0.5150389400133026
72.638877970442,22.020733168131763,0.47099751765288517
72.8270241330761,25.052366639785465,0.4182067731735023
73.05571479851486,28.37908946993315,0.3585823466215336
73.3488765380307,32.09855253412133,0.2925148233565993
73.67092450976779,35.50949796024758,0.23368246121769182
73.99297248150488,38.26788136595313,0.1875881723937674
74.0,38.32135988113083,0.18670750428608235
74.02477566487266,37.478226685235725,0.18372561069851348
74.21016249095968,31.793250775128424,0.16599452084224497
74.38154805216777,27.39985914820351,0.1568232975888142
74.5432625258057,23.8918347647441,0.15478780366147468
74.69717243930526,21.04060062454479,0.15927165872736757
74.84588887829386,18.671288666765182,0.17015230290960254
74.99116302192857,16.670793076901706,0.18771815139260403
75.13413712746109,14.962275368899794,0.2125370761342569
75.27570984597088,13.488902133049075,0.24542402265970312
75.41652481477361,12.207745149773649,0.28740766969595066
75.55697668167498,11.085349468539196,0.33970272844363547
75.69722347597853,10.094667198185043,0.40369408269391227
75.83721458647719,9.213022684096352,0.4809508769242795
75.97674172885118,8.42092955984079,0.5732974177844794
76.0,8.296036216068064,0.5903556796510369
76.01523689804284,8.739901871474187,0.6000118067153405
76.0720514243896,10.305376172309106,0.6214665543945832
76.13926822579305,12.017139416044833,0.6279497610041753
76.2230227231974,13.997572959943547,0.6202344260349784
76.32533363324758,16.251186100880332,0.598216598275589
76.44907364812501,18.798554076905145,0.5627479243250704
76.59798034522184,21.666196232293554,0.515356094247993
76.77783787684582,24.891956202519154,0.45789178632617417
76.99943040212739,28.54002627067375,0.39194667925200943
77.29305555816936,32.82627299457573,0.31648515145330147
77.60124870818831,36.64915494935856,0.25227355509260496
77.90944185820726,39.8022105622495,0.20166820617140985
78.0,40.609187617827835,0.18904304455186358
78.02483830092874,39.70774772167406,0.18582233491650646
78.21347246885858,33.54877213992712,0.16602050660818699
78.38780412649143,28.805574999993034,0.1550060143744729
78.5519368294421,25.03697585471243,0.15122185655914833
78.70772903293448,21.9890731853127,0.1539417437273157
78.85754316882964,19.472660244529678,0.16291166169282803
79.00355816814002,17.35530542847647,0.17833260332724016
79.14697650307049,15.552445857852176,0.20069540999061453
79.28877217590365,14.001723720866913,0.23074501884413207
79.42966499214826,12.656408694235791,0.269446766625279
79.57012591133083,11.48044907055881,0.31795785248390396
79.71038609159088,10.44503050854928,0.377606540475688
79.85045755142576,9.526243501104254,0.4498930278275691
79.99017512738999,8.703638362002893,0.5365367134414434
80.0,8.648825852531818,0.5432343163177996
80.01547853233505,9.08168087633054,0.5523972009819019
80.07662727138177,10.696193433004586,0.5742263071738316
80.14876883223826,12.448102637227743,0.5811341104155298
80.23834232466488,14.455563965447048,0.5741078402111307
80.34715857284401,16.710270497285745,0.5532944107152137
80.47794356674127,19.219862696561297,0.5198101341892516
80.63426115832428,21.995060979963842,0.47539744721782057
80.82155101079276,25.051484315607237,0.42209566225831785
81.04956231287841,28.416391106011883,0.3617918341908661
81.3429028632626,32.197982938514585,0.29475059440813256
81.66322582147366,35.65132414083615,0.23541141315358505
81.98354877968472,38.449988029320316,0.1888870555347744
82.0,38.57739117427735,0.1868020575392372
82.02478277517308,37.72774901277829,0.18379604195500837
82.21052060701243,31.990690336839553,0.16585258621685744
82.38222169466331,27.558781413865542,0.1564866725999972
82.54419243846145,24.021948231748524,0.1542606262760608
82.69829973708909,21.14885588145883,0.15854663293520743
82.84712880710185,18.763053529477403,0.16920769388860052
82.99247709294467,16.749389432040225,0.1865230689575187
83.1354937068656,15.030188974709711,0.2110521039441021
83.27708579415489,13.548021893087554,0.24360193171057903
83.41790563469615,12.259549245606276,0.2851941138194966
83.55835656254104,11.131035566392779,0.33703681913618355
83.69860486658509,10.135241628941476,0.400508276677111
83.83860682778052,9.24935634425254,0.4771691226019548
83.9781586510985,8.453783971732772,0.5688303521970212
84.0,8.335990288794328,0.5847140602495065
84.0152622945455,8.77887849713379,0.5943105759878635
84.07252871583968,10.350437375391849,0.6157936603571114
84.14026428005512,12.06759921436665,0.622317078028478
84.22464112350491,14.052433193108914,0.6146748311415965
84.32766112231704,16.30808109023524,0.5927887693607926
84.45218462296906,18.853636015723264,0.5575394790409036
84.60193449885543,21.71374147707022,0.5104798390076549
84.7826641382938,24.923534611251263,0.4534842374510376
85.00505535894172,28.54258224459253,0.3881826999741365
85.29876630422984,32.772743959004686,0.3137102284833559
85.60819415216119,36.55220011679129,0.2501115973078313
85.91762200009254,39.66314486069173,0.20001715725018446
86.0,40.3858422186641,0.18865892937498968
86.0248322776477,39.49010882416721,0.18546412816897093
86.21313766668783,33.37829914488935,0.16588394488411976
86.38716822114873,28.66983893585941,0.15506152650665367
86.55105118082251,24.92700896219356,0.15145415834068254
86.70664702101425,21.898448729677956,0.15434714871175795
86.85634433463431,19.396371032513624,0.16349965151008872
87.00227872323669,17.29034013305358,0.1791218232846316
87.145646866186,15.496573620796358,0.20171214659868159
87.28741543350306,13.953272911912006,0.232022436739041
87.42829686989982,12.614092565214332,0.2710242051048067
87.56875479464381,11.443243718853713,0.3198801907880389
87.70901329360537,10.412090429889806,0.3799239439803831
87.84907818861745,9.496846373539961,0.4526617732696875
87.98877983544233,8.677155031579622,0.5398220581130154
88.0,8.614787868214698,0.547523669388532
88.01545346516203,9.0489350114218,0.5567310589592097
88.07614864251823,10.659193167906254,0.578511983993291
88.1477803918964,12.408004813322957,0.5853721183117754
88.23676094305439,14.414077045790762,0.5782748676101976
88.34492719721901,16.670395580882722,0.5573405804976713
88.47502269608927,19.185807404646898,0.523659360441457
88.63063209717993,21.972455693903242,0.47895400351550094
88.81723498585914,25.047907792381015,0.42524799715981476
89.0446917206666,28.442559979086965,0.36440452569797505
89.33815390857858,32.27337242576836,0.2965834464945252
89.6571572048536,35.760766649243635,0.23682886487834784
89.97616050112863,38.59181177623549,0.1899533357756176
90.0,38.77899732067007,0.18690471047536583
90.02478835682591,37.92422695452739,0.18387929047874546
90.2108046440419,32.14599328200564,0.16576559834307664
90.382756531917,27.683648556760296,0.1562446653759922
90.54493144619754,24.124071501940048,0.15386794537357432
90.69919637038771,21.233742273321184,0.15799848521565132
90.84811583084199,18.83495990721262,0.16848788583618407
90.99352396001706,16.810941950309516,0.18560809938613984
91.13657524374474,15.083350610390186,0.20991174800510373
91.27818349890984,13.594282024227319,0.24219981307966154
91.4190077839698,12.30007132621175,0.28348826000136884
91.55945824324453,11.166760448020003,0.3349801289230819
91.6997076565945,10.166958436973623,0.3980484742179964
91.83971775759153,9.277747169222156,0.4742473910850067
91.9792883515435,8.479445166991896,0.5653777001777316
92.0,8.367363567444785,0.5803403838957206
92.01528258093742,8.809435134470121,0.589890799275243
92.07291051410597,10.385679988397948,0.6113986870798368
92.14106023065926,12.106935495918144,0.6179551201525888
92.22593236634354,14.09499610840554,0.6103711148240702
92.32951442764131,16.35191178129539,0.588589224863292
92.45465625544725,18.895609686165475,0.5535129865634134
92.6050682414693,21.749270330192175,0.5067149673337457
92.78647805530589,24.94593268905875,0.45008782507107997
93.00948417563056,28.54160106867646,0.3852909092633351
93.30323959616538,32.72744360339954,0.31158916888105354
93.61365639060587,36.47303162317439,0.24846121325498022
93.92407318504635,39.55124130309947,0.19875926824320284
94.0,40.20918976612289,0.18838061173064918
94.02482749941375,39.317967623863666,0.185205853497095
94.21287478646522,33.243319530641955,0.16579757542107101
94.38666942371849,28.5622387312797,0.15512488898777918
94.55035711677634,24.83973651184951,0.1516561534503082
94.70579973163477,21.826451410154043,0.15468569922119083
94.85540623648288,19.33571590051494,0.16398302757898997
95.00127822914313,17.238655104507025,0.17976543337658937
95.14460779688179,15.452099638350006,0.20253741758905192
95.28635581183705,13.9146900069986,0.23305622460878417
95.42722889037157,12.580382975298535,0.27229824811086933
95.56768483285508,11.413596072796063,0.32143061730218714
95.70794212174319,10.385833491434031,0.38179109432478625
95.84800168747633,9.473405857034598,0.45489090421261924
95.98769037923726,8.656030396101606,0.5424657030308231
96.0,8.587806726355346,0.5509615810655689
96.01543386895983,9.02294390029245,0.5602046903491826
96.07577515185324,10.629754645702752,0.5819492350598077
96.14700817185805,12.375987017089724,0.5887725810235882
96.23552342168789,14.38076390523295,0.5816197848833057
96.34317753965802,16.63809024706544,0.5605905081591698
96.47272752729182,19.157780126068545,0.5267541406083457
96.62777397142162,21.95312404997889,0.4818176926467359
96.8138271744783,25.043268221400876,0.42779169540451717
97.04083416450894,28.461166504451892,0.366519657410483
97.33437975633935,32.33097325808316,0.2980752350169476
97.65236460057474,35.84563921222582,0.23798279225947375
97.97034944481014,38.7026410566386,0.1908223785778406
98.0,38.93800467864472,0.18700343310934833
98.02479274822205,38.07918790599189,0.18396244430470907
98.21102996173207,32.26837637775867,0.165712534271611
98.38318114531907,27.781959814203596,0.15606820667985347
98.54551859756367,24.204407272036185,0.1535722049739649
98.69990923643822,21.300467345889775,0.1575802806951596
98.84890106592647,18.89145070903202,0.1679350207376664
98.99435731952488,16.859276333651746,0.18490255010817327
99.13743670693334,15.125080358713896,0.2090301805357785
99.27905829761973,13.6305831111025,0.24111404119264485
99.41988648080383,12.331861087809648,0.2821656881958275
99.56033675439004,11.194779572770083,0.3333841300084164
99.70058700943024,10.191827272943625,0.3961383783950657
99.84060329472644,9.300001386283723,0.47197746419490255
99.98018829455867,8.499553030613846,0.5626943678001772
100.0,8.392054118584937,0.5769327883659608
100.015298760666,8.833452791511156,0.5864473532359546
100.07321538709917,10.413328014538834,0.6079763313867069
100.14169528393091,12.13771382670528,0.6145596312510329
100.22696129340714,14.128170063764685,0.6070219938613886
100.33098889059882,16.38587680958772,0.58532254723166
100.4566191530873,18.927843364744636,0.5503830214155957
100.60755207804212,21.776106196776027,0.5037914095937797
100.78949414303563,24.962071293382945,0.44745451703222455
101.01297645987165,28.53898457078082,0.3830542630188346
101.30675309976965,32.689795197458125,0.3099553218853526
101.61796125275707,36.40888340473868,0.2471911422205812
101.92916940574449,39.4615410791699,0.1977927105244498
102.0,40.069391491747965,0.1881759849598349
102.02482370915087,39.1817380475118,0.18501681753442173
102.21266792884603,33.136410075944305,0.1657425344393132
102.3862772332201,28.476938009523487,0.15518703866654893
102.54981178054786,24.770489481048035,0.15182731636427219
102.70513441140169,21.769278320130216,0.15496474688081538
102.85467002588081,19.2875211656409,0.16437698098375336
103.00049347408181,17.197567455426217,0.1802868966779052
103.14379320223945,15.416730309451728,0.2032037432719979
103.28552549416305,13.883995731964358,0.23388905557858358
103.42639234882449,12.553558283894388,0.273323090619622
103.5668469526804,11.389997901123408,0.322676457611635
103.70710334752566,10.364929079902135,0.3832902722918585
103.84715859941898,9.454738881287057,0.4566797042387928
103.9868368066629,8.639202939364768,0.5445862799611665
104.0,8.566417074061004,0.5537110025251358
104.01541850443517,9.002317495034497,0.5629827111655952
104.07548272335868,10.606348600143498,0.5846995560664962
104.14640300904193,12.350459535771394,0.5914943677518277
104.23455236220924,14.354089199820134,0.5842979818110062
104.34180248234269,16.612046488013394,0.5631938912376158
104.47092074294332,19.134918074703616,0.529235111544303
104.62551999490402,21.936915595960453,0.4841160121874168
104.81113429151031,25.03845777990855,0.4298366027307909
105.03777840793893,28.47456937351895,0.36822432706775315
105.33138172210631,32.37526609938363,0.29928251849301696
105.64857557507587,35.9117211917707,0.2389168925288594
105.96576942804542,38.78947988084538,0.19152654914680797
106.0,39.06354879623559,0.18709257044139824
106.02479620859225,38.20153608126228,0.18403911955432323
106.21120868139066,32.364937881534765,0.16568040214500107
106.38351816232449,27.85947312952009,0.1559379110953707
106.5459849020671,24.26770446730641,0.15334742554065178
106.70047568257185,21.353008145849778,0.15725888070923175
106.84952533295753,18.93591298658566,0.1675077307273702
106.99502016890226,16.897304830278998,0.1843554589578628
107.13812222652574,15.157902555634202,0.20834517901213712
107.27975471727058,13.659128331399767,0.24026918825853497
107.42058623016707,12.356853452685938,0.28113556394818506
107.56103647935758,11.216803051198006,0.33214013921082475
107.70128738619388,10.2113703934198,0.3946487570772429
107.8413084152105,9.317485649774902,0.4702065067549933
107.98090454771501,8.515346842564428,0.5606002902797467
108.0,8.411515498436156,0.5742680907961952
108.01531164765444,8.852365128552922,0.5837546610089609
108.07345845432472,10.43506585821978,0.6053012335381928
108.14220125657675,12.161861590277006,0.6119062555145037
108.22778025323211,14.154115768386365,0.6044054995993171
108.33216098120553,16.412316521005568,0.5827713343156716
108.45817730701113,18.952750012905568,0.5479399086086376
108.60952068401505,21.796556088556677,0.5015113250631484
108.7918803031791,24.97386564907273,0.4454033893046007
109.01573310359365,28.53577959190719,0.3813154853728747
109.30951809702024,32.65889207749148,0.30868929459245553
109.62135865149384,36.357193849637845,0.24620769492316616
109.93319920596743,39.3898440029074,0.19704515540472428
110.0,39.95872715569448,0.18802363828728147
110.02482070321302,39.07389782462106,0.1848766478601905
110.21250490491926,33.051724829907315,0.165707192654122
110.38596833950533,28.409321998649034,0.1552436794315848
110.54938250706539,24.715561101609396,0.1519698401508971
110.70461094246664,21.723898797914593,0.1551925788506885
110.85409103948231,19.24925043276631,0.16469597443323472
110.99987657367328,17.164927874486562,0.18070728449064868
111.14315310442704,15.388624567293357,0.20373950867900475
111.28487328294355,13.859598785982055,0.234557574744269
111.42573544948011,12.532232488112687,0.27414479797889246
111.56618913215037,11.371233596719584,0.32367454626865955
111.70644485351937,10.348303557337552,0.38449060331985296
111.84649662492879,9.43988976140658,0.4581112959382546
111.98616638255761,8.625814115330195,0.5462828694617716
112.0,8.549461344475965,0.555905651597031
112.01540643134257,8.985953156176622,0.5652002106956503
112.07525318885686,10.587751742666665,0.586895816280149
112.14592767052626,12.33013338607784,0.5936684062587958
112.2337888532744,14.332778877127776,0.5864377422206244
112.34072000869882,16.59113157569104,0.5652746447571242
112.46949653831706,19.116393905602322,0.5312191827357532
112.62374078105053,21.923514595995414,0.4859556302497669
112.80900523207127,25.033933829587863,0.4314755035228065
113.03535774213684,28.484344734518082,0.36959322288468394
113.32900142601918,32.409508605259724,0.300255125957553
113.64557809800914,35.96333930841031,0.23966961691628244
113.9621547699991,38.85766362441087,0.19209444651656954
114.0,39.162743566514344,0.18717004978924426
114.0247989383835,38.29820498762786,0.18410664390956594
114.21135040987684,32.44119142390993,0.16566115078537175
114.38378556155396,27.92064968278978,0.1558406220103678
114.54635505853582,24.317633707128994,0.15317527852716184
114.70092552179494,21.394432182931677,0.1570104239684254
114.85002128851593,18.970955242205573,0.16717586604114026
114.99554697920169,16.927267484069592,0.18392939454905224
115.13866725309778,15.183756902969158,0.20781080245813327
115.2803085913579,13.681609181601468,0.23960935888118956
115.42114289598071,12.376532854948326,0.28033039374666213
115.56159320594864,11.23414188982224,0.33116723600659076
115.70184462372721,10.226753874523236,0.3934832389702865
115.84186931782953,9.33124590970106,0.46882041208004455
115.98147409913217,8.527774137458954,0.5589609231260939
116.0,8.42687188522249,0.5721785689682926
116.01532190014,8.867276714665833,0.5816432113003979
116.07365198621844,10.452184410420955,0.6032042692335204
116.14260389927112,12.180845656255022,0.609826769280864
116.2284314380086,14.174461781391546,0.6023553248221928
116.3330920114857,16.43297112913109,0.5807728630905583
116.45941360937529,18.972089732114977,0.5460269573352292
116.61108072736208,21.812253404783377,0.49972723132391544
116.79376855756374,24.98259476737406,0.44380007324924947
117.01791064091768,28.53254080601792,0.3799584411894364
117.31169710616645,32.633748783270526,0.30770377788621356
117.6240423180865,36.31571404192021,0.24544255481726254
117.93638753000654,39.332660658005786,0.19646407046344205
118.0,39.87111376673795,0.18790899145416132
118.02481831991729,38.98851975425474,0.18477154072809338
118.21237628616942,32.98464458924502,0.16568431827223656
118.38572475367276,28.355733065737205,0.15529315051079431
118.54904414131511,24.672004337835016,0.15208705900790234
118.7041984860962,21.687896413394796,0.1553772879141956
118.85363500035523,19.218877057929944,0.16495299163673774
118.99939083568569,17.13901592241047,0.18104487061362948
119.14264926293663,15.366306546902877,0.20416888868607694
119.28436005682386,13.840222002931979,0.2350926578904877
119.42521865851035,12.515292087580562,0.2748019149226397
119.56567169587993,11.356325695510542,0.3244722142910765
119.7059269027703,10.335092882401645,0.3854494605132673
119.8459758749203,9.428088696013567,0.45925450226705367
119.98563884662461,8.615171703264233,0.5476373666424111
120.0,8.536022480804899,0.5576546747667418
120.01539692892011,8.97297442111402,0.5669674587474995
120.0750726806239,10.57298539779998,0.5886466825186488
120.14555365707413,12.313966794234672,0.5954019105159074
120.2331876237801,14.315785694006806,0.5881442497626425
120.33986679440297,16.574386397221442,0.5669345671616142
120.46837280854608,19.101461243321033,0.5328026930770591
120.622335375956,21.91254732924818,0.48742485556577364
120.8073213623678,25.029902213025238,0.4327857454020954
121.03344027904244,28.491557944047972,0.37068928121364275
121.32711251931926,32.436099315798735,0.30103584095216873
121.64320598185449,36.00376495816919,0.24027397741992046
121.95929944438973,38.911288417509624,0.19255071035232746
122.0,39.24115782467303,0.1872357370946763
122.02480109359486,38.37462209929394,0.18416439265827617
122.21146277507586,32.50144433409698,0.16564978919430273
122.38399764763214,27.968967324962,0.15576726451882572
122.54664875706912,24.35705087143117,0.1530426104226301
122.701282563205,21.427121894678425,0.15681744626960445
122.85041505722312,18.99860086287623,0.1669171091172178
122.99596537236815,16.950900062031593,0.18359645234780703
123.13910023836357,15.204145165042839,0.20739264149047915
123.28074871941168,13.699334340330989,0.2390925512684764
123.42158533321992,12.392047065746597,0.27969934062577906
123.56203574312154,11.247809162184279,0.3304043617863682
123.70228756420053,10.238878224229165,0.39256900840962033
123.84231510558031,9.342089329727447,0.4677328765193522
123.98192663343363,8.537565556157894,0.5576744334591759
124.0,8.438998569929874,0.570536638210098
124.01533004877115,8.879044958710933,0.5799840644345787
124.07380590440421,10.465681319186224,0.6015569357654988
124.14292398795324,12.1957930646237,0.6081934477833587
124.22894877595691,14.190449044413839,0.6007452815282982
124.3338310794263,16.44915116126797,0.5792037720492885
124.46039413194006,18.987165648868565,0.5445255423353886
124.61231680132569,21.82437466074845,0.49832771206573634
124.79526300373486,24.989127556083716,0.4425433843803876
125.01963161073165,28.5295413310004,0.3788961054020812
125.31341609086589,32.61342347725778,0.30693388204490313
125.6261634795991,36.28253009977887,0.24484505931526093
125.93891086833231,39.28712865975431,0.19601062269454508
126.0,39.80174680139263,0.18782192661176442
126.02481643078863,38.9209222389412,0.18469196673630373
126.21227473108078,32.93151299890027,0.16566938397205458
126.38553249602302,28.313269101722465,0.15533520282623453
126.54877716817884,24.63747536148457,0.15218260140810713
126.70387315270918,21.659345130625166,0.155526239307653
126.85327539071216,19.194783079806164,0.16515928119521206
126.99900790948145,17.118456229892644,0.18131513828248208
127.14225216599395,15.348595091602913,0.20451211829860044
127.28395565709313,13.824842326298574,0.23551995743758475
127.42481152695214,12.501844455935586,0.27532630967734845
127.56526410470298,11.344490096590865,0.32510846244094
127.70551891463347,10.324603483605802,0.38621400487665
127.84556564178983,9.418717330058987,0.46016579655832296
127.9852231792986,8.606719246798212,0.5487168878950399
128.0,8.525372981250321,0.5590467111037976
128.0153894404276,8.962684131044366,0.5683740093519213
128.07493052278792,10.561267194155782,0.590040535867551
128.14525898120485,12.301120502649113,0.5967821633427972
128.23271363766617,14.302255348596972,0.5895032162582009
128.33919364798888,16.56101171885411,0.5682567302311914
128.46748551530644,19.089471265602015,0.5340644374573472
128.62122469543058,21.903639853082133,0.4885961631583978
128.8059892853607,25.026427547200164,0.43383113160551895
129.031921548728,28.496937707060724,0.3715648278933473
129.32561422985162,32.45682402409942,0.3016607162857984
129.64132841043016,36.03549199364831,0.2407578033459657
129.9570425910087,38.95351831184991,0.19291617156999638
130.0,39.303166071897195,0.18729047452963835
130.0248027961859,38.435050778146,0.1842128086303497
130.2115518371821,32.5490745800588,0.1656432279368144
130.38416580474208,28.0071488600032,0.1557114823738336
130.5468816925125,24.388188193155056,0.15293983889151946
130.70156581145446,21.45293676004148,0.15666698883225372
130.85072752003384,19.020427446985817,0.1667147292980092
130.99629745484847,16.969554744576016,0.18333558105021797
131.13944398100216,15.22023641267793,0.20706463028732588
131.28109820433536,13.713321978914703,0.2386868579159134
131.42193670906227,12.40428861788961,0.2792037065738389
131.56238723136215,11.258592277460544,0.329804967060905
131.7026393719398,10.24844300374824,0.39185048859202404
131.84266913454164,9.350642598717208,0.4668779717240036
131.98228594171792,8.54528801801134,0.5566629834910772
132.0,8.448580210645597,0.5692443552463462
132.0153365200539,8.888338909152496,0.578678240481352
132.07392820330531,10.476332272688104,0.6002606792462617
132.14317823361736,12.207575865823722,0.6069083931190229
132.2293594847778,14.203031076158846,0.5994787021275685
132.3344174417611,16.461853574545103,0.5779696284002186
132.46117150892485,18.998954526034264,0.5433449624407864
132.61329602465764,21.83378012435188,0.49722773161703004
132.79644585862727,24.994064096017613,0.4415563048124802
133.02099224434434,28.526895900202355,0.37806251115534684
133.3147732132113,32.597071868369866,0.30633075548885336
133.62784072435295,36.256045362413765,0.24437713170603664
133.9409082354946,39.25092056207367,0.1956557009774407
134.0,39.74682633371088,0.18775530033906476
134.02481493372935,38.86740249965488,0.18463123287033684
134.21219449919892,32.88943325599179,0.1656595392961027
134.3853806510928,28.27962662706972,0.1553702970247655
134.54856637034868,24.610110420989947,0.15225995551694366
134.70361633536956,21.636710842699742,0.15564586565291097
134.85299157850085,19.175678184959995,0.1653243622093838
134.99870575927932,17.102150812555287,0.18153099331968028
135.14193889731797,15.334546464423406,0.20478592066651868
135.28363668564717,13.812641777945583,0.2358605615779899
135.4244904487274,12.491175487807231,0.27574408815011664
135.56494269405803,11.33509919033335,0.3256151609064168
135.70519719552976,10.316279928759139,0.386822706295925
135.84524212660241,9.411280196483368,0.46089118504967197
135.98489532252998,8.600010611920744,0.5495760597463183
136.0,8.516935433031762,0.5601534193195487
136.01538353336943,8.954527775984344,0.5694922627253899
136.07481844395767,10.55197242021941,0.5911489079875378
136.1450265785385,12.290920417819803,0.5978798591184816
136.2323396367599,14.291495167727843,0.5905841137254285
136.3386621845843,16.550349321742573,0.5693085380133356
136.46678452774225,19.079873614784415,0.5350684580412143
136.62034661451187,21.89644685037217,0.4895286098344179
136.80493534115215,25.02349902652702,0.43466385090046367
137.03071875402654,28.50098869560447,0.37226291502674197
137.3244262424758,32.47302546009797,0.30215971033094857
137.63984214667568,36.06043458854747,0.2411442322068435
137.95525805087556,38.98680931565433,0.19320818914301954
138.0,39.352212571665916,0.18733552659210467
138.02480414181161,38.48284772229003,0.18425283287440808
138.21162241285802,32.586738221122374,0.16563956012866454
138.38429909186434,28.037332238131796,0.15566875776383562
138.54706636901153,24.412796109743404,0.1528598904728179
138.7017904239894,21.473333191741446,0.1565493243918204
138.85097534826093,19.037669576192904,0.16655605360678835
138.99656089425744,16.984288961525273,0.18313074716170138
139.13971671944353,15.232944356625765,0.20680684552135295
139.28137554395187,13.724367493678935,0.23836783137603573
139.42221558535894,12.413954473117611,0.27881379009068963
139.5626662178999,11.267105869213049,0.3293332784873347
139.70291861202293,10.255994051651196,0.3912849273779344
139.8429501130124,9.357394473521117,0.4662049461001021
139.9825710615198,8.55138344390521,0.5558666236857801
140.0,8.456154073900944,0.5682260095004057
140.0153416558688,8.895682575134746,0.5776492296617786
140.0740253042441,10.48474303228996,0.5992393766198256
140.14338004017085,12.216872365798691,0.6058960264715615
140.2296853498218,14.212945278585519,0.5984809911236529
140.33488243745052,16.471842913008985,0.5769976060530161
140.46178763637946,19.008196006986942,0.5424153377600003
140.61407165332122,21.841107120111033,0.4963618735772371
140.79738212206635,24.997825416002602,0.4407797193486851
141.02206827851793,28.524632886805794,0.3774071992493144
141.31584526886593,32.583964909698906,0.30585724241517875
141.6291673255984,36.23494568513849,0.24400984864364544
141.94248938233085,39.2221558593538,0.19537723759383419
142.0,39.70334477009897,0.18770398871554878
142.02481374762556,38.82502978586125,0.18458456258094832
142.21213108515798,32.85610956920092,0.16565298029561015
142.38526066397654,28.25297745419282,0.15539920606694288
142.54839983501586,24.588428233528447,0.15232226732213347
142.7034134816819,21.61877268169344,0.15574163772617353
142.85276744152043,19.160534543835652,0.1654561588553943
142.9984671801631,17.08922434822721,0.1817030649203259
143.14169157843727,15.323407822215989,0.2050039843242459
143.28338490102317,13.802967490616943,0.23613166499923932
143.42423703096742,12.482714968052111,0.2760764810613416
143.5646890325144,11.327651627170894,0.3260181808401434
143.70494329309568,10.309678348003843,0.3873067517855484
143.84498679017727,9.405381176355675,0.46146792803595493
143.98463652399548,8.594688954334796,0.5502590936286469
144.0,8.510251534671998,0.5610325046016983
144.0153788703273,8.948064486272324,0.570380522377329
144.07473000453925,10.544602884546437,0.5920294523636058
144.14484314604994,12.282826525483468,0.5987520085207635
144.23204432996639,14.282946265137154,0.5914429978550281
144.3382423515488,16.54186189564741,0.5701444214686268
144.4662304966264,19.0722093681788,0.5358665372200879
144.61965223424116,21.8906638563105,0.4902700397550061
144.80410136835732,25.021069055390242,0.43532630529529137
145.02976626330474,28.50406495294329,0.37281867620571707
145.3234846035746,32.48572193788111,0.3025574531826319
145.6386655960072,36.08007038053317,0.24145229695369852
145.9538465884398,39.01307528688957,0.19344106893394483
146.0,39.39101338632003,0.18737227125770428
146.02480520566957,38.52065990467665,0.1842855824895655
146.2116783267328,32.61652756291448,0.16563761411054734
146.38440471132455,28.061199745916404,0.15563583466192651
146.54721273834065,24.43225051368583,0.15279748308692925
146.7019684751121,21.489454872466872,0.15645708020325547
146.85117183328924,19.05129606450714,0.16643140067200893
146.99676978763154,16.995932034347142,0.1829696444085835
147.13993301727115,15.242985268260238,0.20660394925264397
147.28159551907308,13.733094168417512,0.23811661246874183
147.42243680205164,12.421590599481316,0.2785066458374209
147.56288753538723,11.273831262751495,0.3289616306266181
147.70314013084683,10.261958679733201,0.3908392357447224
147.84317299571188,9.36272744062902,0.46567449579533243
147.98279719908564,8.556197529996805,0.5552389076354093
148.0,8.462142720262445,0.567422766632387
148.01534572962623,8.901487462786102,0.5768375778762994
148.07410235105294,10.491388186342503,0.5984339105917422
148.14354013287934,12.224212266699617,0.6050976769154817
148.22994377363773,14.220764777087785,0.5976942622461607
148.3352510484652,16.479709270417427,0.5762312205798981
148.4622758349585,19.015454916700754,0.5416825127866807
148.61468593632287,21.846833189025226,0.4956795045017979
148.79812321207746,25.00071142000916,0.44016795658314717
149.02291941126728,28.522736138200127,0.37689129588876635
149.3166925090183,32.57348797984961,0.3054848511908331
149.630216791416,36.218159739111,0.2437210531248517
149.94374107381367,39.19932228693166,0.19515835496321443
150.0,39.66892076678514,0.18766426293535535
150.0248128080622,38.791483566642256,0.18454849652337713
150.21208094787656,32.82972223891623,0.16564855907833886
150.3851658157143,28.231870895415586,0.15542279594897607
150.54826821336988,24.57125209167417,0.15237226799671147
150.7032531794882,21.604559833457742,0.15581812453573812
150.8525903450464,19.148534241450875,0.16556118989728838
150.99827869761077,17.078979853428628,0.18184002956694753
151.14149621593234,15.314579405889647,0.2051774324736036
151.28318603371653,13.795299139074176,0.23634719975054064
151.4240368923922,12.47600828702545,0.27634065721191026
151.5644887129319,11.321747576004228,0.3263384148394974
151.7047427847195,10.304444640016873,0.3876913014870487
151.84478513884477,9.40070415547393,0.46192606307176765
151.98443211605652,8.590469397383739,0.5508016122206814
152.0,8.504957599352515,0.5617302831473022
152.01537518720335,8.942943937058471,0.5710855855238925
152.074660172468,10.538761773589549,0.5927284751630798
152.14469827754527,12.276407189002775,0.5994444213550233
152.231811037011,14.276159461034503,0.5921249300926087
152.33791056059525,16.535113780646117,0.5708081629139125
152.4657924741541,19.06610054296277,0.5365003676221467
152.61910301135788,21.88603023913762,0.49085903183803337
152.80344140779488,25.019075364019923,0.43585276072886103
153.02901205320853,28.506418114420143,0.37326059940615225
153.32273843423727,32.49569149601824,0.3028740287122603
153.63773421375632,36.09554542917002,0.2416975253765765
153.95272999327537,39.033812282865476,0.19362649933410805
154.0,39.42171260688614,0.1874020369680644
154.0248060469742,38.55057685290768,0.1843121762580156
154.21172261752162,32.6400928275051,0.16563667412001176
154.38448838850348,28.08007703279079,0.1556103355329242
154.54732871691746,24.447634682407998,0.1527486327513103
154.70210957582603,21.50220155853543,0.1563846228925942
154.85132756158876,19.062068670346978,0.16633332336070866
154.99693537005223,17.005135739155715,0.18284276902821933
155.14010448824467,15.250921863918268,0.20644406666103549
155.28176992297648,13.739991515144258,0.2379185754931511
155.42261220460827,12.427625672755347,0.2782644579797649
155.56306302630858,11.279146283842792,0.32866852393139356
155.7033157816542,10.266672227512002,0.39048768242331916
155.84334971861287,9.366941575722711,0.4652560416976722
155.98297648397005,8.56000140256112,0.5547436868361817
156.0,8.466879031637152,0.5667887211957452
156.01534895955132,8.906077354588458,0.5761968969030404
156.07416345481425,10.496640446093396,0.5977981786242077
156.14366707603864,12.230010471373292,0.6044676049666262
156.23014863395605,14.226936754249834,0.597073401250237
156.3355431638682,16.48591043976913,0.5756264686468906
156.46266258409574,19.021165575527434,0.5411043264559531
156.6151723816145,21.851319636111263,0.4951412453587536
156.79870981625413,25.002938801601886,0.43968555038452073
157.02359274911396,28.521168913265072,0.3764846832858811
157.31736230380977,32.56513128988013,0.30519159153343056
157.63104712973433,36.20482020187389,0.2434936569779812
157.94473195565888,39.181208016374704,0.19498605347413195
158.0,39.6416685396061,0.18763337391857907
158.02481206390954,38.764926196876466,0.18452049557333683
158.21204129802612,32.80882907602116,0.16564554116711924
158.38509081814587,28.215156210998806,0.15544191078349537
158.5481641526154,24.55764778542741,0.15241227038059973
158.70312645857223,21.59330094591652,0.15587909274819148
158.85245036337656,19.139027038095254,0.1656447707486201
158.99812973174204,17.070862963222762,0.18194892156284148
159.14134182795704,15.307583994646041,0.20531525245728208
159.28302889026602,13.789222575347113,0.23651839820903398
159.42387875602577,12.470693505155902,0.27655043810388424
159.56433044070482,11.31706863146502,0.3265926645452442
159.7045843641513,10.30029674698241,0.3879965733924412
159.8446258085498,9.39699726756589,0.4622897138445021
159.98427059355862,8.587124897684866,0.5512322133135341
160.0,8.500765109607931,0.562283828943558
160.01537227677431,8.938887914277629,0.5716449116931253
160.07460500451103,10.534133370617447,0.5932830619676824
160.14458381171627,12.271318048048558,0.5999937980693066
160.23162666015105,14.270774878664731,0.5926660230835101
160.33764826229674,16.52975357643184,0.5713348664769599
160.46544608434343,19.061238658332623,0.5370034029933524
160.61866853428972,21.882327331382243,0.4913265767344709
160.80291912432216,25.017453184914704,0.43627078981515716
161.02841489283074,28.508229363457257,0.3736116673019079
161.32214729226337,32.50353238112734,0.303125709476892
161.63699691896082,36.10775209902924,0.24189250416945632
161.95184654565827,39.050192713263336,0.19377396589899232
162.0,39.44600404116935,0.187426024994939
162.02480671241156,38.57424925559961,0.18433364745217395
162.2117576957557,32.65873681403104,0.16563630661808867
162.38455466937938,28.095009906893644,0.15559050344766973
162.5474205947557,24.459802626311834,0.15271030873159858
162.70222136698587,21.512282138997058,0.15632761908016096
162.85145095395958,19.070587288918038,0.1662560606332923
162.99706658272797,17.012413166960975,0.1827427447164353
163.1402403793088,15.257196990608952,0.20631796195680702
163.28190814952998,13.745444674483302,0.23776232927133542
163.42275123164373,12.43239689630799,0.27807333712453486
163.56320212871486,11.283348076849395,0.32843718514175757
163.7034550109999,10.270398370970195,0.3902101819251056
163.84348979194667,9.370272772934786,0.4649257046336952
163.98311857627237,8.563008144502822,0.5543527251080049
164.0,8.470625550282957,0.5662879434166623
164.01535151953993,8.90970737220336,0.5756908795900191
164.0742118950146,10.500793041820366,0.597296111592814
164.14376769671688,12.234592714366933,0.6039700349563665
164.23031098179453,14.231811189052717,0.5965831300646721
164.33577460085147,16.490803034849524,0.5751489525620325
164.462968911734,19.025663847782,0.5406478389537627
164.61555755682454,21.854842078887593,0.4947163552843268
164.79917413697765,25.00466621501699,0.43930484848605006
165.02412549165805,28.519887232124862,0.3761639231491775
165.3178919544033,32.558476840094905,0.30496040288547527
165.6317041575366,36.19422853303091,0.24331441054564334
165.9455163606699,39.16684459673341,0.19485026401130576
166.0,39.620094682383126,0.1876092713439791
166.0248114746016,38.743902381418174,0.18449867356212438
166.21200993596202,32.792287238069406,0.1656434536388421
166.3850315037296,28.201920886207024,0.15545731783489902
166.54808186130228,24.54687400591141,0.1524441998363742
166.7030262568717,21.584383564972985,0.15592761822849258
166.85233968563793,19.13149641204698,0.16571120687341476
166.99801196036861,17.064433150039903,0.18203541412512442
167.14121977955313,15.302042248440122,0.2054246739876327
167.2829046724857,13.784408513884621,0.2366542810977349
167.42375376063825,12.466482786850703,0.2767169112479812
167.5642053423851,11.313361530288615,0.32679439725085946
167.7044591490607,10.297010273497749,0.3882387635578674
167.84449987018326,9.394060094565582,0.46257819672085815
167.98414291352748,8.584474748159314,0.5515737887518735
168.0,8.497445256083028,0.5627227520096181
168.01536997613297,8.935675592930403,0.5720884191507196
168.0745614038318,10.530466718103671,0.5937228442786926
168.1444933349047,12.267284794323324,0.600429470185131
168.2314808965623,14.266504906591024,0.5930951458735956
168.3374408484427,16.52549898822191,0.5717526052519494
168.46517210593606,19.0573736795832,0.5374024121539747
168.61832478929966,21.879374261685427,0.4916974942666029
168.8025057814866,25.016141511864397,0.43660250388291066
169.02794210995188,28.509630791199825,0.3738903473411803
169.32167905511622,32.50970705732637,0.30332561461895313
169.6364132757462,36.117387438594484,0.2420473847057223
169.9511474963762,39.063137206609696,0.19389112595249125
170.0,39.46522646226222,0.18744528045851866
170.02480723882366,38.59298179555618,0.1843509069015506
170.21178547440655,32.673488665036096,0.1656362518150156
170.38460716287017,28.106824029272786,0.15557502590150646
170.54749336747577,24.469428211134623,0.15268018869526093
170.70230991951092,21.52025569193629,0.15628271700748528
170.85154870364337,19.07732486807603,0.1661951355315315
170.99717053526146,17.01816870954794,0.18266382370909667
171.1403480458582,15.262159592591981,0.20621842615900454
171.28201767347042,13.749757060044972,0.23763897233287345
171.42286139548693,12.436169873341289,0.2779224209665777
171.5633123556427,11.286670654482998,0.3282544889848224
171.70356533867317,10.273344730930827,0.3899910102932813
171.84360078480444,9.372906743654292,0.4646647847237031
171.983231161644,8.565385475209904,0.5540439055870011
172.0,8.473589519303584,0.5658922432129835
172.01535354797912,8.912578748849107,0.5752910400677532
172.07425028370128,10.504076985856575,0.5968994194569697
172.14384742950034,12.23821518013216,0.6035769129348274
172.23043960679288,14.235662639651336,0.596195790345606
172.3359579268855,16.49466576183962,0.5747717116122786
172.46321150645224,19.02921065826699,0.540287243500621
172.6158625208231,21.857612221735913,0.4943807663331256
172.79954166333036,25.006011224430175,0.43900422258619476
173.0245470315342,28.518847001021122,0.3759107108723529
173.31831086769958,32.55318474682799,0.3047779946231071
173.63222408474428,36.185824320655136,0.2431729966503946
173.94613730178898,39.1554596905153,0.1947431524211004
174.0,39.603016552639936,0.1875904105141323
174.02481100796697,38.727259650982816,0.18448161447537234
174.2119851255344,32.779191241310485,0.16564198980488187
174.38498458476292,28.19144153703485,0.1554696864025221
174.54801677266587,24.538342780271133,0.15246963970508862
174.7029470078021,21.577321686173953,0.15596619496616354
174.8522521571528,19.125532341112468,0.1657639680001571
174.9979188280974,17.05934061468143,0.18210406426192388
175.14112327110354,15.297652882140918,0.20551149289377899
175.28280645420577,13.78059537376968,0.23676207083444775
175.42365493205267,12.463147440929653,0.27684894609846017
175.5641064351927,11.31042501934803,0.32695437940612243
175.70436014982573,10.29440687882645,0.38843081400557206
175.84440029643028,9.391733325640285,0.4628069418945604
175.98404195712672,8.582375280113071,0.5518446205181853
176.0,8.4948166383934,0.5630706583810704
176.01536815702178,8.93313178522546,0.5724399598834681
176.0745269342511,10.527562495890553,0.5940714528971351
176.14442179908798,12.26408919889928,0.600774834096365
176.23136563103216,14.263120146360263,0.593435330494778
176.33727680196031,16.522123954100863,0.5720837826135688
176.46495536963505,19.054304007482642,0.5377187672587623
176.6180528040886,21.877022968235337,0.491991614114073
176.80217864734036,25.01508593574903,0.4368655866694596
177.02756781913678,28.51071983831917,0.3741114320189632
177.32130822521518,32.51457462718511,0.30348427973211967
177.6359512716915,36.12499735292515,0.2421703217967403
177.95059431816784,39.073369851726596,0.19398413528710845
178.0,39.480438409781726,0.1874606899006598
178.0248076553042,38.60780605215191,0.18436473401412998
178.21180747009413,32.68516175942673,0.16563635645831715
178.38464873171537,28.116171660166273,0.1555629129741969
178.5475509994796,24.477043546564687,0.15265648229518458
178.7023800528447,21.52656351084732,0.1562473124169468
178.8516261258489,19.082654609222885,0.16614705606695399
178.99725287525132,17.02272139458743,0.18260151283461556
179.14043333245328,15.266084900986115,0.2061398159979601
179.2821044357533,13.753167952284016,0.23754153007589487
179.42294866822675,12.439154037324467,0.2778031930338619
179.56339968047405,11.289298516991709,0.32811013989962673
179.70365274343035,10.27567497829205,0.38981782921625274
179.84368871429797,9.374989866085523,0.4644586046847225
179.98332034818563,8.567265570606814,0.5537998658798805
180.0,8.475934634067775,0.5655794612695891
180.0153551548785,8.91485033771678,0.5749749866970822
180.0742806987415,10.506674463880474,0.5965858702255304
180.14391059561842,12.24107963176801,0.6032661961615452
180.23054149325176,14.238706901825967,0.5958896535937629
180.3361031199547,16.49771700915177,0.5744735700341396
180.46340360623063,19.03200947154211,0.5400022777753057
180.61610396182851,21.859793611123965,0.4941155915690587
180.79983257162607,25.007061886995828,0.438766713758854
181.02488060255675,28.518007529984526,0.3757107111120388
181.31864224791707,32.54898035626249,0.304633978949807
181.63263554077054,36.17915930784726,0.2430613543283313
181.946628833624,39.146438359893175,0.19465860173353539
182.0,39.58949765371107,0.18757561749279172
182.0248106385009,38.714085397519376,0.1844682454632212
182.21196549613038,32.768823760307974,0.16564094910754534
182.38494746622544,28.18314485429028,0.15547958501881573
182.54796528312414,24.531587924633747,0.152489880461401
182.7028843200125,21.571729827677938,0.15599683432626246
182.8521829239166,19.120809520620462,0.16580583946104882
182.99784516621847,17.055307768785347,0.1821585209356177
183.14104694265433,15.294176761897317,0.20558034307014808
183.28272877694175,13.777575503270924,0.23684753622210775
183.42357677496008,12.460505901158477,0.27695362222591813
183.56402821766713,11.308099297518858,0.32708120060162993
183.70428185967717,10.292344937974528,0.38858304633800017
183.84432155025877,9.38989043139876,0.46298825211208544
183.98396211399555,8.58071237129428,0.5520592824376623
184.0,8.4927354830269,0.5633463400968883
184.01536671834754,8.93111756784838,0.5727185218563764
184.0744996767459,10.525262500840812,0.5943477043413105
184.14436522625775,12.261557824442285,0.6010485226907261
184.2312744647013,14.260437918765156,0.5937049224879968
184.33714703497932,16.51944788972908,0.5723462473237344
184.46478389610778,19.051867748769524,0.5379695014968269
184.61783758302633,21.87515317702799,0.49222474861503096
184.80191973682082,25.0142395430724,0.43707415054075777
185.02727151514785,28.51156916098697,0.37428674070863305
185.32101457438498,32.5184149610866,0.30361013981332885
185.63558556197694,36.13101027848629,0.2422678460067078
185.9501565495689,39.08146088996543,0.19405792646305414
186.0,39.4924770664395,0.18747299231451184
186.02480798483984,38.61953788204886,0.18437578245046315
186.2118248858564,32.6943991421157,0.1656365320289655
186.38468164675535,28.123568280008044,0.15555341175060727
186.54759663613513,24.48306901094991,0.15263780234184054
186.7024355915916,21.531554116975833,0.15621937444236136
186.85168743958587,19.086871188765492,0.16610909050998973
186.99731808657654,17.026323075342045,0.18255229082502764
187.14050088038314,15.2691901606158,0.20607770392271516
187.28217315517986,13.755866195517367,0.2374645263560804
187.42301779417411,12.441514658828591,0.2777089631082621
187.56346884901154,11.29137724460073,0.3279960470362153
187.70372197535156,10.277518244421952,0.3896809398068238
187.8437583604547,9.376637614980083,0.46429562460861573
187.98339098715743,8.568752688461357,0.5536069529360124
188.0,8.477790254231797,0.5653321532319673
188.01535642761291,8.916647612479718,0.5747250923469079
188.07430479133026,10.508729267841844,0.5963379660238524
188.14396062779647,12.243345140360692,0.6030205380594097
188.23062218650242,14.241113834101697,0.5956476226788657
188.33621809715083,16.50012825477257,0.5742378685803169
188.46355570732763,19.0342194210762,0.5397770056420518
188.61629510146602,21.861513184253425,0.493905982979827
188.80006283283234,25.007884778586877,0.43857899823593727
189.02514457564413,28.517332994650403,0.3755526722989618
189.31890441709143,32.54564275686337,0.304520215757594
189.63296116779378,36.173875765848415,0.24297316854751555
189.94701791849613,39.13929160591972,0.19459182232102173
190.0,39.578796450207996,0.18756399349103237
190.02481034598983,38.70365699822506,0.18445774727288086
190.21194996416494,32.7606166415098,0.16564019924344203
190.38491809772412,28.176576599099846,0.15548748798689266
190.5479245464041,24.526239955963874,0.15250596687756462
190.7028347259662,21.56730237762075,0.15602115174118447
190.8521281539713,19.117069991708938,0.1658390503345229
190.99778689522728,17.05211445168983,0.18220169870286418
191.14098656462414,15.291424198216149,0.205634921412892
191.28266733414932,13.775184165885463,0.236915276053545
191.42351495440244,12.458414110782957,0.27703658037373435
191.56396635039076,11.306257564866975,0.3271817021230735
191.70421993505838,10.290712062851483,0.38870367902846176
191.8442592638822,9.388430992680783,0.463131921293098
191.9838989577441,8.579395439157867,0.5522293746979011
192.0,8.491087866789782,0.5635647393985925
192.01536558035676,8.929522814497119,0.5729392031823665
192.07447811815814,10.52344123494665,0.594566563303673
192.14432047871108,12.259552946989238,0.6012653564998446
192.23120234799995,14.258312933643447,0.5939185155877083
192.33704437177514,16.51732682120356,0.5725542003905542
192.46464822055242,19.049935303269255,0.5381681707099873
192.61766726998562,21.87366775617924,0.49240948726997036
192.80171481906797,25.013562786930997,0.4372394384989058
193.02703695720783,28.512233463304426,0.3744256985774148
193.3207820623102,32.52144684251986,0.30370993177581573
193.63529608093594,36.13576303629123,0.24234517428648805
193.9498100995617,39.08785986810597,0.1941164416717632
194.0,39.502004672544004,0.18748279604291823
194.02480824559953,38.62882265365157,0.18438459267267404
194.21183867310114,32.70170940192875,0.16563672922148615
194.38470770625727,28.129421466889177,0.15554594555636084
194.54763276965213,24.487836894183896,0.15262306955216481
194.70247956724356,21.535502930579632,0.15619731455288863
194.85173598984397,19.09020743307921,0.16607909659489062
194.99736972503666,17.029172712821342,0.18251339218913767
195.1405543710194,15.271646970914327,0.20602860950405769
195.28222757525296,13.758000940729964,0.23740365386323362
195.42307253757835,12.443382258706894,0.27763446672881625
195.56352362698135,11.293021798631035,0.32790584185013694
195.70377680357126,10.278976492908539,0.3895727060557793
195.84381351586242,9.377941162225097,0.4641667575079308
195.98344692704657,8.569929136208385,0.5534544145258259
196.0,8.479258642448015,0.5651365706656337
196.0153574355306,8.918069726613004,0.5745274646019932
196.07432387263873,10.510354959534634,0.5961419185752579
196.14400025103816,12.245137225968968,0.6028262710253188
196.23068608673543,14.243017295233933,0.5954562278750493
196.33630913738955,16.50203436872922,0.5740514843505152
196.46367612942967,19.035965273260054,0.5395988766261954
196.61644641317977,21.862869848354833,0.4937402510468277
196.800245089388,25.008530648243717,0.43843059185231403
197.02535348034507,28.516792784008462,0.3754277477151733
197.3191118503761,32.54299490140107,0.30443031294688283
197.633218877007,36.169688723120395,0.2429034814229009
197.94732590363793,39.13363096482925,0.1945390554145689
198.0,39.57032581740973,0.18755484609171819
198.02481011441785,38.695402300986046,0.18444949014635953
198.21193767395462,32.754119902343675,0.165639651931493
198.3848948596806,28.17137691577659,0.1554937858959153
198.54789231441214,24.522006088453654,0.1525187405396061
198.70279548718773,21.563797106553636,0.15604044058201927
198.8520848214738,19.114109260232205,0.1658653804120295
198.99774079428727,17.049586108676703,0.1822359211755383
199.140938798179,15.289244778215437,0.20567817255846327
199.2826187267093,13.77329072272476,0.2369689511612025
199.42346604922216,12.456757821180988,0.2771023089720446
199.56391740892724,11.30479925142304,0.32726132608866304
199.7041709482922,10.289419107419594,0.38879924829975815
199.8442099902711,9.387275350675317,0.46324573737544467
199.98384899460177,8.578352621488637,0.5523641205050793
200.0,8.48978353817102,0.5637377262669727
